Well,Fluor,Sample,Cq,SQ,Target
A01,FAM,STD_10000,26.60013761,10000,SVC
A02,FAM,STD_10000,26.52759757,10000,SVC
A03,FAM,STD_10000,26.50400807,10000,SVC
A04,FAM,STD_10000,26.46784122,10000,SVC
A05,FAM,STD_10000,26.49400276,10000,SVC
A06,FAM,STD_10000,26.46025014,10000,SVC
A07,FAM,STD_10000,26.42061904,10000,SVC
A08,FAM,STD_10000,26.47887557,10000,SVC
A09,FAM,STD_10000,26.58588613,10000,SVC
A10,FAM,STD_10000,26.52558741,10000,SVC
A11,FAM,STD_10000,26.66557,10000,SVC
A12,FAM,STD_10000,26.60967759,10000,SVC
B01,FAM,STD_10000,26.69199581,10000,SVC
B02,FAM,STD_10000,26.53122433,10000,SVC
B03,FAM,STD_10000,26.43714867,10000,SVC
B04,FAM,STD_10000,26.41648548,10000,SVC
B05,FAM,STD_10000,26.33209816,10000,SVC
B06,FAM,STD_10000,26.37098356,10000,SVC
B07,FAM,STD_10000,26.37996054,10000,SVC
B08,FAM,STD_10000,26.43546904,10000,SVC
B09,FAM,STD_10000,26.39224294,10000,SVC
B10,FAM,STD_10000,26.45369698,10000,SVC
B11,FAM,STD_10000,26.57953726,10000,SVC
B12,FAM,STD_10000,26.58635022,10000,SVC
C01,FAM,STD_10000,26.57710483,10000,SVC
C02,FAM,STD_10000,26.47351585,10000,SVC
C03,FAM,STD_10000,26.39181881,10000,SVC
C04,FAM,STD_10000,26.43418834,10000,SVC
C05,FAM,STD_10000,26.48878163,10000,SVC
C06,FAM,STD_10000,26.45489071,10000,SVC
C07,FAM,STD_10000,26.41908428,10000,SVC
C08,FAM,STD_10000,26.43094293,10000,SVC
C09,FAM,STD_10000,26.42577525,10000,SVC
C10,FAM,STD_10000,26.47709031,10000,SVC
C11,FAM,STD_10000,26.46275703,10000,SVC
C12,FAM,STD_10000,26.67580597,10000,SVC
D01,FAM,STD_10000,26.4531805,10000,SVC
D02,FAM,STD_10000,26.33041132,10000,SVC
D03,FAM,STD_10000,26.50790306,10000,SVC
D04,FAM,STD_10000,26.39909399,10000,SVC
D05,FAM,STD_10000,26.2024786,10000,SVC
D06,FAM,STD_10000,26.54062283,10000,SVC
D07,FAM,STD_10000,26.44241629,10000,SVC
D08,FAM,STD_10000,26.60793616,10000,SVC
D09,FAM,STD_10000,26.42323002,10000,SVC
D10,FAM,STD_10000,26.55558386,10000,SVC
D11,FAM,STD_10000,26.66541347,10000,SVC
D12,FAM,STD_10000,26.72001878,10000,SVC
E01,FAM,STD_10000,26.67907842,10000,SVC
E02,FAM,STD_10000,26.45415348,10000,SVC
E03,FAM,STD_10000,26.39799574,10000,SVC
E04,FAM,STD_10000,26.3912025,10000,SVC
E05,FAM,STD_10000,26.32611684,10000,SVC
E06,FAM,STD_10000,26.474164,10000,SVC
E07,FAM,STD_10000,26.41680508,10000,SVC
E08,FAM,STD_10000,26.39668693,10000,SVC
E09,FAM,STD_10000,26.52502458,10000,SVC
E10,FAM,STD_10000,26.49938557,10000,SVC
E11,FAM,STD_10000,26.48282097,10000,SVC
E12,FAM,STD_10000,26.67014514,10000,SVC
F01,FAM,STD_10000,26.59105907,10000,SVC
F02,FAM,STD_10000,26.54199062,10000,SVC
F03,FAM,STD_10000,26.33905962,10000,SVC
F04,FAM,STD_10000,26.41723152,10000,SVC
F05,FAM,STD_10000,26.37321563,10000,SVC
F06,FAM,STD_10000,26.3994964,10000,SVC
F07,FAM,STD_10000,26.44098056,10000,SVC
F08,FAM,STD_10000,26.48770441,10000,SVC
F09,FAM,STD_10000,26.37341889,10000,SVC
F10,FAM,STD_10000,26.49882167,10000,SVC
F11,FAM,STD_10000,26.52443269,10000,SVC
F12,FAM,STD_10000,26.65928006,10000,SVC
G01,FAM,STD_10000,26.73161123,10000,SVC
G02,FAM,STD_10000,26.53587665,10000,SVC
G03,FAM,STD_10000,26.55289883,10000,SVC
G04,FAM,STD_10000,26.56459698,10000,SVC
G05,FAM,STD_10000,26.49148465,10000,SVC
G06,FAM,STD_10000,26.42020428,10000,SVC
G07,FAM,STD_10000,26.46185059,10000,SVC
G08,FAM,STD_10000,26.5346415,10000,SVC
G09,FAM,STD_10000,26.49821376,10000,SVC
G10,FAM,STD_10000,26.52365894,10000,SVC
G11,FAM,STD_10000,26.65257042,10000,SVC
G12,FAM,STD_10000,26.77302404,10000,SVC
H01,FAM,STD_10000,26.86994511,10000,SVC
H02,FAM,STD_10000,26.70629034,10000,SVC
H03,FAM,STD_10000,26.56300004,10000,SVC
H04,FAM,STD_10000,26.62190414,10000,SVC
H05,FAM,STD_10000,26.40857757,10000,SVC
H06,FAM,STD_10000,26.46029494,10000,SVC
H07,FAM,STD_10000,26.46971534,10000,SVC
H08,FAM,STD_10000,26.57179479,10000,SVC
H09,FAM,STD_10000,26.59125252,10000,SVC
H10,FAM,STD_10000,26.72796304,10000,SVC
H11,FAM,STD_10000,26.71376405,10000,SVC
H12,FAM,STD_10000,26.83509397,10000,SVC
A01,HEX,STD_10000,26.64697233,10000,BHC
A02,HEX,STD_10000,26.60117168,10000,BHC
A03,HEX,STD_10000,26.56219397,10000,BHC
A04,HEX,STD_10000,26.57020343,10000,BHC
A05,HEX,STD_10000,26.62694768,10000,BHC
A06,HEX,STD_10000,26.58748278,10000,BHC
A07,HEX,STD_10000,26.57165749,10000,BHC
A08,HEX,STD_10000,26.60065331,10000,BHC
A09,HEX,STD_10000,26.69238495,10000,BHC
A10,HEX,STD_10000,26.66428739,10000,BHC
A11,HEX,STD_10000,26.82688423,10000,BHC
A12,HEX,STD_10000,26.72712743,10000,BHC
B01,HEX,STD_10000,26.70226397,10000,BHC
B02,HEX,STD_10000,26.60577052,10000,BHC
B03,HEX,STD_10000,26.52500261,10000,BHC
B04,HEX,STD_10000,26.50725688,10000,BHC
B05,HEX,STD_10000,26.47211399,10000,BHC
B06,HEX,STD_10000,26.50864395,10000,BHC
B07,HEX,STD_10000,26.48964357,10000,BHC
B08,HEX,STD_10000,26.55943496,10000,BHC
B09,HEX,STD_10000,26.53806154,10000,BHC
B10,HEX,STD_10000,26.59433156,10000,BHC
B11,HEX,STD_10000,26.71274099,10000,BHC
B12,HEX,STD_10000,26.73567407,10000,BHC
C01,HEX,STD_10000,26.61638374,10000,BHC
C02,HEX,STD_10000,26.55651262,10000,BHC
C03,HEX,STD_10000,26.4649613,10000,BHC
C04,HEX,STD_10000,26.51569672,10000,BHC
C05,HEX,STD_10000,26.60369781,10000,BHC
C06,HEX,STD_10000,26.57138041,10000,BHC
C07,HEX,STD_10000,26.55069278,10000,BHC
C08,HEX,STD_10000,26.5756468,10000,BHC
C09,HEX,STD_10000,26.52568696,10000,BHC
C10,HEX,STD_10000,26.58624839,10000,BHC
C11,HEX,STD_10000,26.61557268,10000,BHC
C12,HEX,STD_10000,26.78978842,10000,BHC
D01,HEX,STD_10000,26.49617185,10000,BHC
D02,HEX,STD_10000,26.40462795,10000,BHC
D03,HEX,STD_10000,26.60830002,10000,BHC
D04,HEX,STD_10000,26.51108854,10000,BHC
D05,HEX,STD_10000,26.31256198,10000,BHC
D06,HEX,STD_10000,26.67058259,10000,BHC
D07,HEX,STD_10000,26.57072634,10000,BHC
D08,HEX,STD_10000,26.71328675,10000,BHC
D09,HEX,STD_10000,26.52160542,10000,BHC
D10,HEX,STD_10000,26.67688154,10000,BHC
D11,HEX,STD_10000,26.75674197,10000,BHC
D12,HEX,STD_10000,26.79215488,10000,BHC
E01,HEX,STD_10000,26.71582058,10000,BHC
E02,HEX,STD_10000,26.54053634,10000,BHC
E03,HEX,STD_10000,26.48832948,10000,BHC
E04,HEX,STD_10000,26.4622578,10000,BHC
E05,HEX,STD_10000,26.45112593,10000,BHC
E06,HEX,STD_10000,26.55700054,10000,BHC
E07,HEX,STD_10000,26.50967673,10000,BHC
E08,HEX,STD_10000,26.52089299,10000,BHC
E09,HEX,STD_10000,26.62770623,10000,BHC
E10,HEX,STD_10000,26.59301133,10000,BHC
E11,HEX,STD_10000,26.58794587,10000,BHC
E12,HEX,STD_10000,26.75520333,10000,BHC
F01,HEX,STD_10000,26.64225498,10000,BHC
F02,HEX,STD_10000,26.61976788,10000,BHC
F03,HEX,STD_10000,26.4485911,10000,BHC
F04,HEX,STD_10000,26.4940925,10000,BHC
F05,HEX,STD_10000,26.48353896,10000,BHC
F06,HEX,STD_10000,26.51865961,10000,BHC
F07,HEX,STD_10000,26.55803568,10000,BHC
F08,HEX,STD_10000,26.61288857,10000,BHC
F09,HEX,STD_10000,26.49593822,10000,BHC
F10,HEX,STD_10000,26.60706551,10000,BHC
F11,HEX,STD_10000,26.65129136,10000,BHC
F12,HEX,STD_10000,26.75292844,10000,BHC
G01,HEX,STD_10000,26.7336604,10000,BHC
G02,HEX,STD_10000,26.56068573,10000,BHC
G03,HEX,STD_10000,26.61044844,10000,BHC
G04,HEX,STD_10000,26.61686425,10000,BHC
G05,HEX,STD_10000,26.55956292,10000,BHC
G06,HEX,STD_10000,26.5295573,10000,BHC
G07,HEX,STD_10000,26.56750669,10000,BHC
G08,HEX,STD_10000,26.62871231,10000,BHC
G09,HEX,STD_10000,26.58365878,10000,BHC
G10,HEX,STD_10000,26.62846832,10000,BHC
G11,HEX,STD_10000,26.72117473,10000,BHC
G12,HEX,STD_10000,26.83976383,10000,BHC
H01,HEX,STD_10000,26.8721577,10000,BHC
H02,HEX,STD_10000,26.76570246,10000,BHC
H03,HEX,STD_10000,26.62683669,10000,BHC
H04,HEX,STD_10000,26.69433398,10000,BHC
H05,HEX,STD_10000,26.48308277,10000,BHC
H06,HEX,STD_10000,26.54928047,10000,BHC
H07,HEX,STD_10000,26.56587006,10000,BHC
H08,HEX,STD_10000,26.66140334,10000,BHC
H09,HEX,STD_10000,26.70650367,10000,BHC
H10,HEX,STD_10000,26.83238857,10000,BHC
H11,HEX,STD_10000,26.80878083,10000,BHC
H12,HEX,STD_10000,26.92546097,10000,BHC
A01,FAM,STD_1000,29.65710077,1000,SVC
A02,FAM,STD_1000,29.62634942,1000,SVC
A03,FAM,STD_1000,29.57661223,1000,SVC
A04,FAM,STD_1000,29.50729902,1000,SVC
A05,FAM,STD_1000,29.75320793,1000,SVC
A06,FAM,STD_1000,29.66756174,1000,SVC
A07,FAM,STD_1000,29.67683587,1000,SVC
A08,FAM,STD_1000,29.76703748,1000,SVC
A09,FAM,STD_1000,29.81644363,1000,SVC
A10,FAM,STD_1000,29.93457157,1000,SVC
A11,FAM,STD_1000,29.95429239,1000,SVC
A12,FAM,STD_1000,29.87427837,1000,SVC
B01,FAM,STD_1000,29.70865059,1000,SVC
B02,FAM,STD_1000,29.61056042,1000,SVC
B03,FAM,STD_1000,29.50010486,1000,SVC
B04,FAM,STD_1000,29.46671391,1000,SVC
B05,FAM,STD_1000,29.45432375,1000,SVC
B06,FAM,STD_1000,29.62537542,1000,SVC
B07,FAM,STD_1000,29.49057822,1000,SVC
B08,FAM,STD_1000,29.52057156,1000,SVC
B09,FAM,STD_1000,29.62257516,1000,SVC
B10,FAM,STD_1000,29.65181151,1000,SVC
B11,FAM,STD_1000,29.65765915,1000,SVC
B12,FAM,STD_1000,29.85422997,1000,SVC
C01,FAM,STD_1000,29.63250318,1000,SVC
C02,FAM,STD_1000,29.55674637,1000,SVC
C03,FAM,STD_1000,29.42088859,1000,SVC
C04,FAM,STD_1000,29.43920335,1000,SVC
C05,FAM,STD_1000,29.34550575,1000,SVC
C06,FAM,STD_1000,29.53348867,1000,SVC
C07,FAM,STD_1000,29.42467161,1000,SVC
C08,FAM,STD_1000,29.49409768,1000,SVC
C09,FAM,STD_1000,29.51959306,1000,SVC
C10,FAM,STD_1000,29.6567575,1000,SVC
C11,FAM,STD_1000,29.61989984,1000,SVC
C12,FAM,STD_1000,29.78481826,1000,SVC
D01,FAM,STD_1000,29.59656299,1000,SVC
D02,FAM,STD_1000,29.54623835,1000,SVC
D03,FAM,STD_1000,29.60381817,1000,SVC
D04,FAM,STD_1000,29.42613028,1000,SVC
D05,FAM,STD_1000,29.41714924,1000,SVC
D06,FAM,STD_1000,29.59063167,1000,SVC
D07,FAM,STD_1000,29.47724451,1000,SVC
D08,FAM,STD_1000,29.67331374,1000,SVC
D09,FAM,STD_1000,29.60057907,1000,SVC
D10,FAM,STD_1000,29.66573939,1000,SVC
D11,FAM,STD_1000,29.80619339,1000,SVC
D12,FAM,STD_1000,29.75625319,1000,SVC
E01,FAM,STD_1000,29.68748744,1000,SVC
E02,FAM,STD_1000,29.55268153,1000,SVC
E03,FAM,STD_1000,29.51223624,1000,SVC
E04,FAM,STD_1000,29.45220452,1000,SVC
E05,FAM,STD_1000,29.3674889,1000,SVC
E06,FAM,STD_1000,29.54767032,1000,SVC
E07,FAM,STD_1000,29.47984914,1000,SVC
E08,FAM,STD_1000,29.53771748,1000,SVC
E09,FAM,STD_1000,29.74244372,1000,SVC
E10,FAM,STD_1000,29.73241458,1000,SVC
E11,FAM,STD_1000,29.71189683,1000,SVC
E12,FAM,STD_1000,29.8427729,1000,SVC
F01,FAM,STD_1000,29.73740986,1000,SVC
F02,FAM,STD_1000,29.53055206,1000,SVC
F03,FAM,STD_1000,29.39205941,1000,SVC
F04,FAM,STD_1000,29.4570993,1000,SVC
F05,FAM,STD_1000,29.51229587,1000,SVC
F06,FAM,STD_1000,29.4299661,1000,SVC
F07,FAM,STD_1000,29.46885043,1000,SVC
F08,FAM,STD_1000,29.56851319,1000,SVC
F09,FAM,STD_1000,29.46477751,1000,SVC
F10,FAM,STD_1000,29.58154162,1000,SVC
F11,FAM,STD_1000,29.50775201,1000,SVC
F12,FAM,STD_1000,29.66668606,1000,SVC
G01,FAM,STD_1000,29.81396961,1000,SVC
G02,FAM,STD_1000,29.57756055,1000,SVC
G03,FAM,STD_1000,29.54274333,1000,SVC
G04,FAM,STD_1000,29.50238619,1000,SVC
G05,FAM,STD_1000,29.49349273,1000,SVC
G06,FAM,STD_1000,29.39430714,1000,SVC
G07,FAM,STD_1000,29.48409357,1000,SVC
G08,FAM,STD_1000,29.56295208,1000,SVC
G09,FAM,STD_1000,29.49903785,1000,SVC
G10,FAM,STD_1000,29.53840816,1000,SVC
G11,FAM,STD_1000,29.61339004,1000,SVC
G12,FAM,STD_1000,29.78571272,1000,SVC
H01,FAM,STD_1000,29.69640248,1000,SVC
H02,FAM,STD_1000,29.65961178,1000,SVC
H03,FAM,STD_1000,29.55312293,1000,SVC
H04,FAM,STD_1000,29.54759043,1000,SVC
H05,FAM,STD_1000,29.4994123,1000,SVC
H06,FAM,STD_1000,29.61215795,1000,SVC
H07,FAM,STD_1000,29.52060641,1000,SVC
H08,FAM,STD_1000,29.5249564,1000,SVC
H09,FAM,STD_1000,29.66783864,1000,SVC
H10,FAM,STD_1000,29.83450218,1000,SVC
H11,FAM,STD_1000,29.65393048,1000,SVC
H12,FAM,STD_1000,30.03200698,1000,SVC
A01,HEX,STD_1000,29.97923588,1000,BHC
A02,HEX,STD_1000,30.00157593,1000,BHC
A03,HEX,STD_1000,29.86649251,1000,BHC
A04,HEX,STD_1000,29.88474262,1000,BHC
A05,HEX,STD_1000,30.07392702,1000,BHC
A06,HEX,STD_1000,30.03653641,1000,BHC
A07,HEX,STD_1000,30.01840799,1000,BHC
A08,HEX,STD_1000,30.13124523,1000,BHC
A09,HEX,STD_1000,30.18521912,1000,BHC
A10,HEX,STD_1000,30.27467213,1000,BHC
A11,HEX,STD_1000,30.29775045,1000,BHC
A12,HEX,STD_1000,30.25358524,1000,BHC
B01,HEX,STD_1000,30.0774716,1000,BHC
B02,HEX,STD_1000,29.99697075,1000,BHC
B03,HEX,STD_1000,29.86339101,1000,BHC
B04,HEX,STD_1000,29.91490039,1000,BHC
B05,HEX,STD_1000,29.890486,1000,BHC
B06,HEX,STD_1000,30.03338301,1000,BHC
B07,HEX,STD_1000,29.88226291,1000,BHC
B08,HEX,STD_1000,29.93090849,1000,BHC
B09,HEX,STD_1000,30.04972745,1000,BHC
B10,HEX,STD_1000,30.0607587,1000,BHC
B11,HEX,STD_1000,30.06548037,1000,BHC
B12,HEX,STD_1000,30.227948,1000,BHC
C01,HEX,STD_1000,30.00776077,1000,BHC
C02,HEX,STD_1000,29.94993902,1000,BHC
C03,HEX,STD_1000,29.83325381,1000,BHC
C04,HEX,STD_1000,29.82715762,1000,BHC
C05,HEX,STD_1000,29.77307356,1000,BHC
C06,HEX,STD_1000,29.94994607,1000,BHC
C07,HEX,STD_1000,29.84450705,1000,BHC
C08,HEX,STD_1000,29.90468681,1000,BHC
C09,HEX,STD_1000,29.95638665,1000,BHC
C10,HEX,STD_1000,30.08707779,1000,BHC
C11,HEX,STD_1000,30.08497189,1000,BHC
C12,HEX,STD_1000,30.15506068,1000,BHC
D01,HEX,STD_1000,29.98678352,1000,BHC
D02,HEX,STD_1000,29.89369191,1000,BHC
D03,HEX,STD_1000,30.05991183,1000,BHC
D04,HEX,STD_1000,29.86117193,1000,BHC
D05,HEX,STD_1000,29.78743127,1000,BHC
D06,HEX,STD_1000,30.02648281,1000,BHC
D07,HEX,STD_1000,29.8861456,1000,BHC
D08,HEX,STD_1000,30.05367077,1000,BHC
D09,HEX,STD_1000,29.97054533,1000,BHC
D10,HEX,STD_1000,30.06807762,1000,BHC
D11,HEX,STD_1000,30.16318295,1000,BHC
D12,HEX,STD_1000,30.13824696,1000,BHC
E01,HEX,STD_1000,30.03255678,1000,BHC
E02,HEX,STD_1000,29.9497492,1000,BHC
E03,HEX,STD_1000,29.88469632,1000,BHC
E04,HEX,STD_1000,29.90170403,1000,BHC
E05,HEX,STD_1000,29.76234231,1000,BHC
E06,HEX,STD_1000,29.96413648,1000,BHC
E07,HEX,STD_1000,29.87903961,1000,BHC
E08,HEX,STD_1000,30.00529505,1000,BHC
E09,HEX,STD_1000,30.13091494,1000,BHC
E10,HEX,STD_1000,30.12877251,1000,BHC
E11,HEX,STD_1000,30.10842088,1000,BHC
E12,HEX,STD_1000,30.23118409,1000,BHC
F01,HEX,STD_1000,30.04998467,1000,BHC
F02,HEX,STD_1000,29.87039895,1000,BHC
F03,HEX,STD_1000,29.77116106,1000,BHC
F04,HEX,STD_1000,29.85632158,1000,BHC
F05,HEX,STD_1000,29.9697216,1000,BHC
F06,HEX,STD_1000,29.86992187,1000,BHC
F07,HEX,STD_1000,29.89475148,1000,BHC
F08,HEX,STD_1000,29.99419215,1000,BHC
F09,HEX,STD_1000,29.85362618,1000,BHC
F10,HEX,STD_1000,29.99792036,1000,BHC
F11,HEX,STD_1000,29.95180417,1000,BHC
F12,HEX,STD_1000,30.09194054,1000,BHC
G01,HEX,STD_1000,30.09933568,1000,BHC
G02,HEX,STD_1000,29.93101905,1000,BHC
G03,HEX,STD_1000,29.90894827,1000,BHC
G04,HEX,STD_1000,29.90999502,1000,BHC
G05,HEX,STD_1000,29.86804057,1000,BHC
G06,HEX,STD_1000,29.78317192,1000,BHC
G07,HEX,STD_1000,29.87744955,1000,BHC
G08,HEX,STD_1000,29.99953574,1000,BHC
G09,HEX,STD_1000,29.94017025,1000,BHC
G10,HEX,STD_1000,29.92723608,1000,BHC
G11,HEX,STD_1000,30.04339691,1000,BHC
G12,HEX,STD_1000,30.19336087,1000,BHC
H01,HEX,STD_1000,30.08984366,1000,BHC
H02,HEX,STD_1000,30.02318482,1000,BHC
H03,HEX,STD_1000,29.94486191,1000,BHC
H04,HEX,STD_1000,29.96378657,1000,BHC
H05,HEX,STD_1000,29.88867919,1000,BHC
H06,HEX,STD_1000,30.0216332,1000,BHC
H07,HEX,STD_1000,29.88903108,1000,BHC
H08,HEX,STD_1000,29.86961824,1000,BHC
H09,HEX,STD_1000,30.09126922,1000,BHC
H10,HEX,STD_1000,30.20762529,1000,BHC
H11,HEX,STD_1000,30.08490413,1000,BHC
H12,HEX,STD_1000,30.39945047,1000,BHC
A01,FAM,STD_100,32.88625455,100,SVC
A02,FAM,STD_100,32.79687218,100,SVC
A03,FAM,STD_100,33.03148723,100,SVC
A04,FAM,STD_100,33.09165368,100,SVC
A05,FAM,STD_100,33.05694517,100,SVC
A06,FAM,STD_100,32.85506163,100,SVC
A07,FAM,STD_100,33.21220656,100,SVC
A08,FAM,STD_100,32.98924785,100,SVC
A09,FAM,STD_100,33.1934081,100,SVC
A10,FAM,STD_100,32.85038823,100,SVC
A11,FAM,STD_100,33.03765092,100,SVC
A12,FAM,STD_100,33.28154271,100,SVC
B01,FAM,STD_100,33.18137989,100,SVC
B02,FAM,STD_100,32.79641312,100,SVC
B03,FAM,STD_100,32.84284059,100,SVC
B04,FAM,STD_100,32.59617737,100,SVC
B05,FAM,STD_100,32.79908031,100,SVC
B06,FAM,STD_100,32.97197226,100,SVC
B07,FAM,STD_100,33.25500239,100,SVC
B08,FAM,STD_100,33.04194015,100,SVC
B09,FAM,STD_100,33.08482222,100,SVC
B10,FAM,STD_100,32.93385575,100,SVC
B11,FAM,STD_100,33.00667221,100,SVC
B12,FAM,STD_100,33.39786221,100,SVC
C01,FAM,STD_100,33.06770923,100,SVC
C02,FAM,STD_100,33.05884204,100,SVC
C03,FAM,STD_100,33.10856695,100,SVC
C04,FAM,STD_100,32.87526134,100,SVC
C05,FAM,STD_100,33.07020388,100,SVC
C06,FAM,STD_100,32.86362886,100,SVC
C07,FAM,STD_100,32.99737011,100,SVC
C08,FAM,STD_100,32.9077515,100,SVC
C09,FAM,STD_100,33.01030818,100,SVC
C10,FAM,STD_100,33.17577647,100,SVC
C11,FAM,STD_100,32.93708809,100,SVC
C12,FAM,STD_100,33.02187449,100,SVC
D01,FAM,STD_100,33.00209585,100,SVC
D02,FAM,STD_100,33.16640276,100,SVC
D03,FAM,STD_100,33.12116018,100,SVC
D04,FAM,STD_100,32.79256748,100,SVC
D05,FAM,STD_100,33.13488002,100,SVC
D06,FAM,STD_100,32.98648463,100,SVC
D07,FAM,STD_100,32.99350769,100,SVC
D08,FAM,STD_100,32.87825958,100,SVC
D09,FAM,STD_100,32.81425508,100,SVC
D10,FAM,STD_100,33.12731369,100,SVC
D11,FAM,STD_100,33.15050838,100,SVC
D12,FAM,STD_100,33.19087927,100,SVC
E01,FAM,STD_100,33.09630699,100,SVC
E02,FAM,STD_100,33.21973768,100,SVC
E03,FAM,STD_100,33.16702885,100,SVC
E04,FAM,STD_100,33.08064959,100,SVC
E05,FAM,STD_100,32.90940584,100,SVC
E06,FAM,STD_100,33.28573859,100,SVC
E07,FAM,STD_100,33.0452569,100,SVC
E08,FAM,STD_100,32.5428867,100,SVC
E09,FAM,STD_100,33.12941958,100,SVC
E10,FAM,STD_100,33.23485255,100,SVC
E11,FAM,STD_100,33.07082019,100,SVC
E12,FAM,STD_100,33.13234787,100,SVC
F01,FAM,STD_100,33.05134756,100,SVC
F02,FAM,STD_100,33.0118675,100,SVC
F03,FAM,STD_100,32.75082124,100,SVC
F04,FAM,STD_100,33.03759868,100,SVC
F05,FAM,STD_100,33.06830468,100,SVC
F06,FAM,STD_100,33.09855925,100,SVC
F07,FAM,STD_100,32.51966668,100,SVC
F08,FAM,STD_100,33.01116179,100,SVC
F09,FAM,STD_100,32.78093469,100,SVC
F10,FAM,STD_100,32.90731744,100,SVC
F11,FAM,STD_100,33.00156853,100,SVC
F12,FAM,STD_100,33.18329141,100,SVC
G01,FAM,STD_100,33.36958162,100,SVC
G02,FAM,STD_100,32.9625603,100,SVC
G03,FAM,STD_100,32.83316627,100,SVC
G04,FAM,STD_100,33.08693856,100,SVC
G05,FAM,STD_100,33.18079414,100,SVC
G06,FAM,STD_100,32.74364355,100,SVC
G07,FAM,STD_100,33.12225827,100,SVC
G08,FAM,STD_100,32.66603578,100,SVC
G09,FAM,STD_100,32.95058007,100,SVC
G10,FAM,STD_100,32.97420159,100,SVC
G11,FAM,STD_100,33.33927342,100,SVC
G12,FAM,STD_100,33.05248244,100,SVC
H01,FAM,STD_100,33.07508567,100,SVC
H02,FAM,STD_100,33.3267986,100,SVC
H03,FAM,STD_100,33.01649997,100,SVC
H04,FAM,STD_100,33.19498345,100,SVC
H05,FAM,STD_100,32.93349474,100,SVC
H06,FAM,STD_100,32.88768446,100,SVC
H07,FAM,STD_100,32.98975043,100,SVC
H08,FAM,STD_100,33.12529173,100,SVC
H09,FAM,STD_100,33.2423109,100,SVC
H10,FAM,STD_100,33.13379825,100,SVC
H11,FAM,STD_100,33.14401919,100,SVC
H12,FAM,STD_100,33.31994821,100,SVC
A01,HEX,STD_100,32.9000195,100,BHC
A02,HEX,STD_100,32.81820549,100,BHC
A03,HEX,STD_100,33.03416453,100,BHC
A04,HEX,STD_100,33.09695028,100,BHC
A05,HEX,STD_100,33.06577182,100,BHC
A06,HEX,STD_100,32.87259507,100,BHC
A07,HEX,STD_100,33.22592272,100,BHC
A08,HEX,STD_100,32.97311628,100,BHC
A09,HEX,STD_100,33.21741852,100,BHC
A10,HEX,STD_100,32.91926193,100,BHC
A11,HEX,STD_100,33.06214437,100,BHC
A12,HEX,STD_100,33.3496244,100,BHC
B01,HEX,STD_100,33.23701587,100,BHC
B02,HEX,STD_100,32.82149508,100,BHC
B03,HEX,STD_100,32.84935791,100,BHC
B04,HEX,STD_100,32.71389395,100,BHC
B05,HEX,STD_100,32.79781055,100,BHC
B06,HEX,STD_100,32.99155486,100,BHC
B07,HEX,STD_100,33.29874672,100,BHC
B08,HEX,STD_100,33.0978106,100,BHC
B09,HEX,STD_100,33.06880467,100,BHC
B10,HEX,STD_100,32.96022288,100,BHC
B11,HEX,STD_100,33.08784881,100,BHC
B12,HEX,STD_100,33.50930502,100,BHC
C01,HEX,STD_100,33.12233225,100,BHC
C02,HEX,STD_100,33.16016128,100,BHC
C03,HEX,STD_100,33.12788836,100,BHC
C04,HEX,STD_100,32.86982924,100,BHC
C05,HEX,STD_100,33.09998832,100,BHC
C06,HEX,STD_100,32.94345138,100,BHC
C07,HEX,STD_100,33.0370429,100,BHC
C08,HEX,STD_100,32.99457983,100,BHC
C09,HEX,STD_100,33.02907275,100,BHC
C10,HEX,STD_100,33.26794997,100,BHC
C11,HEX,STD_100,32.99886981,100,BHC
C12,HEX,STD_100,33.0471867,100,BHC
D01,HEX,STD_100,32.98822301,100,BHC
D02,HEX,STD_100,33.23031763,100,BHC
D03,HEX,STD_100,33.23154001,100,BHC
D04,HEX,STD_100,32.93238133,100,BHC
D05,HEX,STD_100,33.15920744,100,BHC
D06,HEX,STD_100,32.95761873,100,BHC
D07,HEX,STD_100,32.99992839,100,BHC
D08,HEX,STD_100,32.94078388,100,BHC
D09,HEX,STD_100,32.83398738,100,BHC
D10,HEX,STD_100,33.20020438,100,BHC
D11,HEX,STD_100,33.11158729,100,BHC
D12,HEX,STD_100,33.20419459,100,BHC
E01,HEX,STD_100,33.17016133,100,BHC
E02,HEX,STD_100,33.25062766,100,BHC
E03,HEX,STD_100,33.18816352,100,BHC
E04,HEX,STD_100,33.09250657,100,BHC
E05,HEX,STD_100,33.02316061,100,BHC
E06,HEX,STD_100,33.297599,100,BHC
E07,HEX,STD_100,33.08314481,100,BHC
E08,HEX,STD_100,32.6422094,100,BHC
E09,HEX,STD_100,33.10987751,100,BHC
E10,HEX,STD_100,33.28482732,100,BHC
E11,HEX,STD_100,33.0764168,100,BHC
E12,HEX,STD_100,33.18078013,100,BHC
F01,HEX,STD_100,33.10676188,100,BHC
F02,HEX,STD_100,33.07429852,100,BHC
F03,HEX,STD_100,32.805417,100,BHC
F04,HEX,STD_100,33.14863762,100,BHC
F05,HEX,STD_100,33.11456083,100,BHC
F06,HEX,STD_100,33.17519321,100,BHC
F07,HEX,STD_100,32.56132033,100,BHC
F08,HEX,STD_100,33.02025771,100,BHC
F09,HEX,STD_100,32.87677617,100,BHC
F10,HEX,STD_100,32.93879941,100,BHC
F11,HEX,STD_100,33.0454524,100,BHC
F12,HEX,STD_100,33.26308433,100,BHC
G01,HEX,STD_100,33.36779438,100,BHC
G02,HEX,STD_100,33.0055234,100,BHC
G03,HEX,STD_100,32.94978739,100,BHC
G04,HEX,STD_100,33.10514287,100,BHC
G05,HEX,STD_100,33.23977077,100,BHC
G06,HEX,STD_100,32.78809105,100,BHC
G07,HEX,STD_100,33.1786066,100,BHC
G08,HEX,STD_100,32.7352924,100,BHC
G09,HEX,STD_100,32.9958478,100,BHC
G10,HEX,STD_100,33.05534122,100,BHC
G11,HEX,STD_100,33.321879,100,BHC
G12,HEX,STD_100,33.09610537,100,BHC
H01,HEX,STD_100,33.08415794,100,BHC
H02,HEX,STD_100,33.4118112,100,BHC
H03,HEX,STD_100,33.09841652,100,BHC
H04,HEX,STD_100,33.29970158,100,BHC
H05,HEX,STD_100,33.00268994,100,BHC
H06,HEX,STD_100,32.93149069,100,BHC
H07,HEX,STD_100,33.03815439,100,BHC
H08,HEX,STD_100,33.18592412,100,BHC
H09,HEX,STD_100,33.26202197,100,BHC
H10,HEX,STD_100,33.24955013,100,BHC
H11,HEX,STD_100,33.21843533,100,BHC
H12,HEX,STD_100,33.36876833,100,BHC
A01,FAM,STD_10,36.94561167,10,SVC
A02,FAM,STD_10,37.4454475,10,SVC
A03,FAM,STD_10,37.19470869,10,SVC
A04,FAM,STD_10,36.43860124,10,SVC
A05,FAM,STD_10,35.97746255,10,SVC
A06,FAM,STD_10,36.87684173,10,SVC
A07,FAM,STD_10,36.32428321,10,SVC
A08,FAM,STD_10,35.47256531,10,SVC
A09,FAM,STD_10,36.26740577,10,SVC
A10,FAM,STD_10,35.89030743,10,SVC
A11,FAM,STD_10,37.1755235,10,SVC
A12,FAM,STD_10,36.39892373,10,SVC
B01,FAM,STD_10,37.12676711,10,SVC
B02,FAM,STD_10,36.90247905,10,SVC
B03,FAM,STD_10,36.27040542,10,SVC
B04,FAM,STD_10,36.82345746,10,SVC
B05,FAM,STD_10,35.89177568,10,SVC
B06,FAM,STD_10,36.10438392,10,SVC
B07,FAM,STD_10,36.19260425,10,SVC
B08,FAM,STD_10,36.11026247,10,SVC
B09,FAM,STD_10,35.92751417,10,SVC
B10,FAM,STD_10,35.34369408,10,SVC
B11,FAM,STD_10,35.25718272,10,SVC
B12,FAM,STD_10,36.17252256,10,SVC
C01,FAM,STD_10,35.63224585,10,SVC
C02,FAM,STD_10,36.3867162,10,SVC
C03,FAM,STD_10,36.03165997,10,SVC
C04,FAM,STD_10,36.10445143,10,SVC
C05,FAM,STD_10,36.53986608,10,SVC
C06,FAM,STD_10,36.2697815,10,SVC
C07,FAM,STD_10,36.07838731,10,SVC
C08,FAM,STD_10,36.39322839,10,SVC
C09,FAM,STD_10,35.642342,10,SVC
C10,FAM,STD_10,35.39966071,10,SVC
C11,FAM,STD_10,36.46097566,10,SVC
C12,FAM,STD_10,36.43524573,10,SVC
D01,FAM,STD_10,36.12436762,10,SVC
D02,FAM,STD_10,36.09704194,10,SVC
D03,FAM,STD_10,35.2987196,10,SVC
D04,FAM,STD_10,36.23002493,10,SVC
D05,FAM,STD_10,35.30956618,10,SVC
D06,FAM,STD_10,36.25751476,10,SVC
D07,FAM,STD_10,35.9029286,10,SVC
D08,FAM,STD_10,35.41998741,10,SVC
D09,FAM,STD_10,35.91229842,10,SVC
D10,FAM,STD_10,35.88952838,10,SVC
D11,FAM,STD_10,37.19299114,10,SVC
D12,FAM,STD_10,35.80998354,10,SVC
E01,FAM,STD_10,35.75784736,10,SVC
E02,FAM,STD_10,35.86776383,10,SVC
E03,FAM,STD_10,35.92566031,10,SVC
E04,FAM,STD_10,35.54284396,10,SVC
E05,FAM,STD_10,35.7708066,10,SVC
E06,FAM,STD_10,36.4720961,10,SVC
E07,FAM,STD_10,35.4644224,10,SVC
E08,FAM,STD_10,36.50452075,10,SVC
E09,FAM,STD_10,36.13690228,10,SVC
E10,FAM,STD_10,36.59744218,10,SVC
E11,FAM,STD_10,36.39063839,10,SVC
E12,FAM,STD_10,36.25547144,10,SVC
F01,FAM,STD_10,36.6871239,10,SVC
F02,FAM,STD_10,35.93447542,10,SVC
F03,FAM,STD_10,36.41109642,10,SVC
F04,FAM,STD_10,36.94538663,10,SVC
F05,FAM,STD_10,36.59508005,10,SVC
F06,FAM,STD_10,35.45947445,10,SVC
F07,FAM,STD_10,36.70572437,10,SVC
F08,FAM,STD_10,36.44700226,10,SVC
F09,FAM,STD_10,36.35701453,10,SVC
F10,FAM,STD_10,36.85583191,10,SVC
F11,FAM,STD_10,36.23111167,10,SVC
F12,FAM,STD_10,36.17679769,10,SVC
G01,FAM,STD_10,36.14866773,10,SVC
G02,FAM,STD_10,36.70495404,10,SVC
G03,FAM,STD_10,36.13970288,10,SVC
G04,FAM,STD_10,35.52813883,10,SVC
G05,FAM,STD_10,36.0791603,10,SVC
G06,FAM,STD_10,35.36849885,10,SVC
G07,FAM,STD_10,36.25237242,10,SVC
G08,FAM,STD_10,35.93542628,10,SVC
G09,FAM,STD_10,36.64680129,10,SVC
G10,FAM,STD_10,35.78136261,10,SVC
G11,FAM,STD_10,36.17396981,10,SVC
G12,FAM,STD_10,36.41660664,10,SVC
H01,FAM,STD_10,36.83065596,10,SVC
H02,FAM,STD_10,36.7390767,10,SVC
H03,FAM,STD_10,36.58848432,10,SVC
H04,FAM,STD_10,35.97704614,10,SVC
H05,FAM,STD_10,36.33764512,10,SVC
H06,FAM,STD_10,35.45596113,10,SVC
H07,FAM,STD_10,36.21753601,10,SVC
H08,FAM,STD_10,35.89105963,10,SVC
H09,FAM,STD_10,37.15928452,10,SVC
H10,FAM,STD_10,36.29788947,10,SVC
H11,FAM,STD_10,36.61328429,10,SVC
H12,FAM,STD_10,36.6868701,10,SVC
A01,HEX,STD_10,37.40437987,10,BHC
A02,HEX,STD_10,37.93877866,10,BHC
A03,HEX,STD_10,37.68047845,10,BHC
A04,HEX,STD_10,36.96921846,10,BHC
A05,HEX,STD_10,36.4247837,10,BHC
A06,HEX,STD_10,37.32576664,10,BHC
A07,HEX,STD_10,36.82993774,10,BHC
A08,HEX,STD_10,35.98663522,10,BHC
A09,HEX,STD_10,36.72072855,10,BHC
A10,HEX,STD_10,36.3186952,10,BHC
A11,HEX,STD_10,37.60630342,10,BHC
A12,HEX,STD_10,36.88388614,10,BHC
B01,HEX,STD_10,37.59722936,10,BHC
B02,HEX,STD_10,37.32449245,10,BHC
B03,HEX,STD_10,36.75411786,10,BHC
B04,HEX,STD_10,37.29912165,10,BHC
B05,HEX,STD_10,36.36676622,10,BHC
B06,HEX,STD_10,36.58265931,10,BHC
B07,HEX,STD_10,36.69255556,10,BHC
B08,HEX,STD_10,36.55317934,10,BHC
B09,HEX,STD_10,36.37581514,10,BHC
B10,HEX,STD_10,35.87781896,10,BHC
B11,HEX,STD_10,35.76339973,10,BHC
B12,HEX,STD_10,36.66199382,10,BHC
C01,HEX,STD_10,36.11421748,10,BHC
C02,HEX,STD_10,36.98585311,10,BHC
C03,HEX,STD_10,36.5078009,10,BHC
C04,HEX,STD_10,36.52488132,10,BHC
C05,HEX,STD_10,37.09094712,10,BHC
C06,HEX,STD_10,36.8110336,10,BHC
C07,HEX,STD_10,36.50136035,10,BHC
C08,HEX,STD_10,36.99239269,10,BHC
C09,HEX,STD_10,36.17572653,10,BHC
C10,HEX,STD_10,36.0042974,10,BHC
C11,HEX,STD_10,36.97453653,10,BHC
C12,HEX,STD_10,36.957693,10,BHC
D01,HEX,STD_10,36.53162021,10,BHC
D02,HEX,STD_10,36.50783614,10,BHC
D03,HEX,STD_10,35.8262082,10,BHC
D04,HEX,STD_10,36.73544635,10,BHC
D05,HEX,STD_10,35.83560263,10,BHC
D06,HEX,STD_10,36.75766505,10,BHC
D07,HEX,STD_10,36.33796367,10,BHC
D08,HEX,STD_10,35.91149355,10,BHC
D09,HEX,STD_10,36.34565285,10,BHC
D10,HEX,STD_10,36.36279346,10,BHC
D11,HEX,STD_10,37.69042065,10,BHC
D12,HEX,STD_10,36.28982204,10,BHC
E01,HEX,STD_10,36.23457235,10,BHC
E02,HEX,STD_10,36.36059308,10,BHC
E03,HEX,STD_10,36.45936486,10,BHC
E04,HEX,STD_10,36.1010221,10,BHC
E05,HEX,STD_10,36.26820337,10,BHC
E06,HEX,STD_10,37.02827364,10,BHC
E07,HEX,STD_10,36.01357103,10,BHC
E08,HEX,STD_10,37.0440653,10,BHC
E09,HEX,STD_10,36.54627983,10,BHC
E10,HEX,STD_10,37.11488805,10,BHC
E11,HEX,STD_10,36.94419068,10,BHC
E12,HEX,STD_10,36.73725675,10,BHC
F01,HEX,STD_10,37.16047361,10,BHC
F02,HEX,STD_10,36.40654881,10,BHC
F03,HEX,STD_10,37.04481566,10,BHC
F04,HEX,STD_10,37.4100198,10,BHC
F05,HEX,STD_10,37.06963536,10,BHC
F06,HEX,STD_10,36.02391541,10,BHC
F07,HEX,STD_10,37.21319947,10,BHC
F08,HEX,STD_10,37.04361757,10,BHC
F09,HEX,STD_10,36.87782787,10,BHC
F10,HEX,STD_10,37.30121877,10,BHC
F11,HEX,STD_10,36.70379028,10,BHC
F12,HEX,STD_10,36.61909698,10,BHC
G01,HEX,STD_10,36.6183762,10,BHC
G02,HEX,STD_10,37.25136898,10,BHC
G03,HEX,STD_10,36.6348314,10,BHC
G04,HEX,STD_10,36.08527049,10,BHC
G05,HEX,STD_10,36.50966663,10,BHC
G06,HEX,STD_10,35.92378819,10,BHC
G07,HEX,STD_10,36.80924439,10,BHC
G08,HEX,STD_10,36.46533636,10,BHC
G09,HEX,STD_10,37.1890232,10,BHC
G10,HEX,STD_10,36.27373895,10,BHC
G11,HEX,STD_10,36.64160405,10,BHC
G12,HEX,STD_10,37.00087668,10,BHC
H01,HEX,STD_10,37.29347979,10,BHC
H02,HEX,STD_10,37.2501013,10,BHC
H03,HEX,STD_10,37.14258101,10,BHC
H04,HEX,STD_10,36.41132886,10,BHC
H05,HEX,STD_10,36.89309389,10,BHC
H06,HEX,STD_10,35.99992616,10,BHC
H07,HEX,STD_10,36.76610997,10,BHC
H08,HEX,STD_10,36.36978334,10,BHC
H09,HEX,STD_10,37.65475619,10,BHC
H10,HEX,STD_10,36.84643564,10,BHC
H11,HEX,STD_10,37.15123334,10,BHC
H12,HEX,STD_10,37.1479749,10,BHC
A01,FAM,NTC,NA,NA,SVC
A02,FAM,NTC,NA,NA,SVC
A03,FAM,NTC,NA,NA,SVC
A04,FAM,NTC,NA,NA,SVC
A05,FAM,NTC,NA,NA,SVC
A06,FAM,NTC,NA,NA,SVC
A07,FAM,NTC,NA,NA,SVC
A08,FAM,NTC,NA,NA,SVC
A09,FAM,NTC,NA,NA,SVC
A10,FAM,NTC,NA,NA,SVC
A11,FAM,NTC,NA,NA,SVC
A12,FAM,NTC,NA,NA,SVC
B01,FAM,NTC,NA,NA,SVC
B02,FAM,NTC,NA,NA,SVC
B03,FAM,NTC,NA,NA,SVC
B04,FAM,NTC,NA,NA,SVC
B05,FAM,NTC,NA,NA,SVC
B06,FAM,NTC,NA,NA,SVC
B07,FAM,NTC,NA,NA,SVC
B08,FAM,NTC,NA,NA,SVC
B09,FAM,NTC,NA,NA,SVC
B10,FAM,NTC,NA,NA,SVC
B11,FAM,NTC,NA,NA,SVC
B12,FAM,NTC,NA,NA,SVC
C01,FAM,NTC,NA,NA,SVC
C02,FAM,NTC,NA,NA,SVC
C03,FAM,NTC,NA,NA,SVC
C04,FAM,NTC,NA,NA,SVC
C05,FAM,NTC,NA,NA,SVC
C06,FAM,NTC,NA,NA,SVC
C07,FAM,NTC,NA,NA,SVC
C08,FAM,NTC,NA,NA,SVC
C09,FAM,NTC,NA,NA,SVC
C10,FAM,NTC,NA,NA,SVC
C11,FAM,NTC,NA,NA,SVC
C12,FAM,NTC,NA,NA,SVC
D01,FAM,NTC,NA,NA,SVC
D02,FAM,NTC,NA,NA,SVC
D03,FAM,NTC,NA,NA,SVC
D04,FAM,NTC,NA,NA,SVC
D05,FAM,NTC,NA,NA,SVC
D06,FAM,NTC,NA,NA,SVC
D07,FAM,NTC,NA,NA,SVC
D08,FAM,NTC,NA,NA,SVC
D09,FAM,NTC,NA,NA,SVC
D10,FAM,NTC,NA,NA,SVC
D11,FAM,NTC,NA,NA,SVC
D12,FAM,NTC,NA,NA,SVC
E01,FAM,NTC,NA,NA,SVC
E02,FAM,NTC,NA,NA,SVC
E03,FAM,NTC,NA,NA,SVC
E04,FAM,NTC,NA,NA,SVC
E05,FAM,NTC,NA,NA,SVC
E06,FAM,NTC,NA,NA,SVC
E07,FAM,NTC,NA,NA,SVC
E08,FAM,NTC,NA,NA,SVC
E09,FAM,NTC,NA,NA,SVC
E10,FAM,NTC,NA,NA,SVC
E11,FAM,NTC,NA,NA,SVC
E12,FAM,NTC,NA,NA,SVC
F01,FAM,NTC,NA,NA,SVC
F02,FAM,NTC,NA,NA,SVC
F03,FAM,NTC,NA,NA,SVC
F04,FAM,NTC,NA,NA,SVC
F05,FAM,NTC,NA,NA,SVC
F06,FAM,NTC,NA,NA,SVC
F07,FAM,NTC,NA,NA,SVC
F08,FAM,NTC,NA,NA,SVC
F09,FAM,NTC,NA,NA,SVC
F10,FAM,NTC,NA,NA,SVC
F11,FAM,NTC,NA,NA,SVC
F12,FAM,NTC,NA,NA,SVC
G01,FAM,NTC,NA,NA,SVC
G02,FAM,NTC,NA,NA,SVC
G03,FAM,NTC,NA,NA,SVC
G04,FAM,NTC,NA,NA,SVC
G05,FAM,NTC,NA,NA,SVC
G06,FAM,NTC,NA,NA,SVC
G07,FAM,NTC,NA,NA,SVC
G08,FAM,NTC,NA,NA,SVC
G09,FAM,NTC,NA,NA,SVC
G10,FAM,NTC,NA,NA,SVC
G11,FAM,NTC,NA,NA,SVC
G12,FAM,NTC,NA,NA,SVC
H01,FAM,NTC,NA,NA,SVC
H02,FAM,NTC,NA,NA,SVC
H03,FAM,NTC,NA,NA,SVC
H04,FAM,NTC,NA,NA,SVC
H05,FAM,NTC,NA,NA,SVC
H06,FAM,NTC,NA,NA,SVC
H07,FAM,NTC,NA,NA,SVC
H08,FAM,NTC,NA,NA,SVC
H09,FAM,NTC,NA,NA,SVC
H10,FAM,NTC,NA,NA,SVC
H11,FAM,NTC,NA,NA,SVC
H12,FAM,NTC,NA,NA,SVC
A01,HEX,NTC,NA,NA,BHC
A02,HEX,NTC,NA,NA,BHC
A03,HEX,NTC,NA,NA,BHC
A04,HEX,NTC,NA,NA,BHC
A05,HEX,NTC,NA,NA,BHC
A06,HEX,NTC,NA,NA,BHC
A07,HEX,NTC,NA,NA,BHC
A08,HEX,NTC,NA,NA,BHC
A09,HEX,NTC,NA,NA,BHC
A10,HEX,NTC,NA,NA,BHC
A11,HEX,NTC,NA,NA,BHC
A12,HEX,NTC,NA,NA,BHC
B01,HEX,NTC,NA,NA,BHC
B02,HEX,NTC,NA,NA,BHC
B03,HEX,NTC,NA,NA,BHC
B04,HEX,NTC,NA,NA,BHC
B05,HEX,NTC,NA,NA,BHC
B06,HEX,NTC,NA,NA,BHC
B07,HEX,NTC,NA,NA,BHC
B08,HEX,NTC,NA,NA,BHC
B09,HEX,NTC,NA,NA,BHC
B10,HEX,NTC,NA,NA,BHC
B11,HEX,NTC,NA,NA,BHC
B12,HEX,NTC,NA,NA,BHC
C01,HEX,NTC,NA,NA,BHC
C02,HEX,NTC,NA,NA,BHC
C03,HEX,NTC,NA,NA,BHC
C04,HEX,NTC,NA,NA,BHC
C05,HEX,NTC,NA,NA,BHC
C06,HEX,NTC,NA,NA,BHC
C07,HEX,NTC,NA,NA,BHC
C08,HEX,NTC,NA,NA,BHC
C09,HEX,NTC,NA,NA,BHC
C10,HEX,NTC,NA,NA,BHC
C11,HEX,NTC,NA,NA,BHC
C12,HEX,NTC,NA,NA,BHC
D01,HEX,NTC,NA,NA,BHC
D02,HEX,NTC,NA,NA,BHC
D03,HEX,NTC,NA,NA,BHC
D04,HEX,NTC,NA,NA,BHC
D05,HEX,NTC,NA,NA,BHC
D06,HEX,NTC,NA,NA,BHC
D07,HEX,NTC,NA,NA,BHC
D08,HEX,NTC,NA,NA,BHC
D09,HEX,NTC,NA,NA,BHC
D10,HEX,NTC,NA,NA,BHC
D11,HEX,NTC,NA,NA,BHC
D12,HEX,NTC,NA,NA,BHC
E01,HEX,NTC,NA,NA,BHC
E02,HEX,NTC,NA,NA,BHC
E03,HEX,NTC,NA,NA,BHC
E04,HEX,NTC,NA,NA,BHC
E05,HEX,NTC,NA,NA,BHC
E06,HEX,NTC,NA,NA,BHC
E07,HEX,NTC,NA,NA,BHC
E08,HEX,NTC,NA,NA,BHC
E09,HEX,NTC,NA,NA,BHC
E10,HEX,NTC,NA,NA,BHC
E11,HEX,NTC,NA,NA,BHC
E12,HEX,NTC,NA,NA,BHC
F01,HEX,NTC,NA,NA,BHC
F02,HEX,NTC,NA,NA,BHC
F03,HEX,NTC,NA,NA,BHC
F04,HEX,NTC,NA,NA,BHC
F05,HEX,NTC,NA,NA,BHC
F06,HEX,NTC,NA,NA,BHC
F07,HEX,NTC,NA,NA,BHC
F08,HEX,NTC,NA,NA,BHC
F09,HEX,NTC,NA,NA,BHC
F10,HEX,NTC,NA,NA,BHC
F11,HEX,NTC,NA,NA,BHC
F12,HEX,NTC,NA,NA,BHC
G01,HEX,NTC,NA,NA,BHC
G02,HEX,NTC,NA,NA,BHC
G03,HEX,NTC,NA,NA,BHC
G04,HEX,NTC,NA,NA,BHC
G05,HEX,NTC,NA,NA,BHC
G06,HEX,NTC,NA,NA,BHC
G07,HEX,NTC,NA,NA,BHC
G08,HEX,NTC,NA,NA,BHC
G09,HEX,NTC,NA,NA,BHC
G10,HEX,NTC,NA,NA,BHC
G11,HEX,NTC,NA,NA,BHC
G12,HEX,NTC,NA,NA,BHC
H01,HEX,NTC,NA,NA,BHC
H02,HEX,NTC,NA,NA,BHC
H03,HEX,NTC,NA,NA,BHC
H04,HEX,NTC,NA,NA,BHC
H05,HEX,NTC,NA,NA,BHC
H06,HEX,NTC,NA,NA,BHC
H07,HEX,NTC,NA,NA,BHC
H08,HEX,NTC,NA,NA,BHC
H09,HEX,NTC,NA,NA,BHC
H10,HEX,NTC,NA,NA,BHC
H11,HEX,NTC,NA,NA,BHC
H12,HEX,NTC,NA,NA,BHC
A01,FAM,STD_5,38.19193915,5,SVC
A02,FAM,STD_5,NaN,5,SVC
A03,FAM,STD_5,38.50214434,5,SVC
A04,FAM,STD_5,NaN,5,SVC
A05,FAM,STD_5,37.99119195,5,SVC
A06,FAM,STD_5,37.77488985,5,SVC
A07,FAM,STD_5,NaN,5,SVC
A08,FAM,STD_5,37.04232874,5,SVC
A09,FAM,STD_5,NaN,5,SVC
A10,FAM,STD_5,37.99309018,5,SVC
A11,FAM,STD_5,NaN,5,SVC
A12,FAM,STD_5,38.67120016,5,SVC
B01,FAM,STD_5,38.81421581,5,SVC
B02,FAM,STD_5,NaN,5,SVC
B03,FAM,STD_5,NaN,5,SVC
B04,FAM,STD_5,37.99875658,5,SVC
B05,FAM,STD_5,NaN,5,SVC
B06,FAM,STD_5,38.95610828,5,SVC
B07,FAM,STD_5,38.04379978,5,SVC
B08,FAM,STD_5,40.23207806,5,SVC
B09,FAM,STD_5,38.43650845,5,SVC
B10,FAM,STD_5,38.66306753,5,SVC
B11,FAM,STD_5,NaN,5,SVC
B12,FAM,STD_5,38.34110301,5,SVC
C01,FAM,STD_5,39.23402407,5,SVC
C02,FAM,STD_5,NaN,5,SVC
C03,FAM,STD_5,38.72775771,5,SVC
C04,FAM,STD_5,37.08302938,5,SVC
C05,FAM,STD_5,37.43264562,5,SVC
C06,FAM,STD_5,38.42236439,5,SVC
C07,FAM,STD_5,NaN,5,SVC
C08,FAM,STD_5,36.70795321,5,SVC
C09,FAM,STD_5,NaN,5,SVC
C10,FAM,STD_5,NaN,5,SVC
C11,FAM,STD_5,NaN,5,SVC
C12,FAM,STD_5,38.18638127,5,SVC
D01,FAM,STD_5,38.94048551,5,SVC
D02,FAM,STD_5,38.99371595,5,SVC
D03,FAM,STD_5,36.64960939,5,SVC
D04,FAM,STD_5,NaN,5,SVC
D05,FAM,STD_5,36.60722551,5,SVC
D06,FAM,STD_5,38.48191324,5,SVC
D07,FAM,STD_5,37.33638515,5,SVC
D08,FAM,STD_5,NaN,5,SVC
D09,FAM,STD_5,38.15676585,5,SVC
D10,FAM,STD_5,39.73535936,5,SVC
D11,FAM,STD_5,37.61038262,5,SVC
D12,FAM,STD_5,38.05123678,5,SVC
E01,FAM,STD_5,NaN,5,SVC
E02,FAM,STD_5,NaN,5,SVC
E03,FAM,STD_5,37.27427563,5,SVC
E04,FAM,STD_5,NaN,5,SVC
E05,FAM,STD_5,NaN,5,SVC
E06,FAM,STD_5,NaN,5,SVC
E07,FAM,STD_5,39.67093308,5,SVC
E08,FAM,STD_5,38.72095013,5,SVC
E09,FAM,STD_5,NaN,5,SVC
E10,FAM,STD_5,NaN,5,SVC
E11,FAM,STD_5,38.21866618,5,SVC
E12,FAM,STD_5,38.70196619,5,SVC
F01,FAM,STD_5,38.42892153,5,SVC
F02,FAM,STD_5,39.16247561,5,SVC
F03,FAM,STD_5,NaN,5,SVC
F04,FAM,STD_5,NaN,5,SVC
F05,FAM,STD_5,38.24036985,5,SVC
F06,FAM,STD_5,NaN,5,SVC
F07,FAM,STD_5,37.40809118,5,SVC
F08,FAM,STD_5,37.33688742,5,SVC
F09,FAM,STD_5,38.34334344,5,SVC
F10,FAM,STD_5,NaN,5,SVC
F11,FAM,STD_5,38.34545373,5,SVC
F12,FAM,STD_5,37.9049029,5,SVC
G01,FAM,STD_5,37.10577862,5,SVC
G02,FAM,STD_5,NaN,5,SVC
G03,FAM,STD_5,36.80547355,5,SVC
G04,FAM,STD_5,37.75292358,5,SVC
G05,FAM,STD_5,NaN,5,SVC
G06,FAM,STD_5,38.12743586,5,SVC
G07,FAM,STD_5,39.1849671,5,SVC
G08,FAM,STD_5,NaN,5,SVC
G09,FAM,STD_5,37.26009061,5,SVC
G10,FAM,STD_5,37.72872072,5,SVC
G11,FAM,STD_5,38.38877531,5,SVC
G12,FAM,STD_5,38.66895619,5,SVC
H01,FAM,STD_5,40.19575735,5,SVC
H02,FAM,STD_5,NaN,5,SVC
H03,FAM,STD_5,NaN,5,SVC
H04,FAM,STD_5,NaN,5,SVC
H05,FAM,STD_5,NaN,5,SVC
H06,FAM,STD_5,37.48502595,5,SVC
H07,FAM,STD_5,NaN,5,SVC
H08,FAM,STD_5,37.44730344,5,SVC
H09,FAM,STD_5,37.53755611,5,SVC
H10,FAM,STD_5,NaN,5,SVC
H11,FAM,STD_5,NaN,5,SVC
H12,FAM,STD_5,36.60120891,5,SVC
A01,HEX,STD_5,39.13842074,5,BHC
A02,HEX,STD_5,NaN,5,BHC
A03,HEX,STD_5,39.34182763,5,BHC
A04,HEX,STD_5,NaN,5,BHC
A05,HEX,STD_5,38.95152858,5,BHC
A06,HEX,STD_5,38.73944783,5,BHC
A07,HEX,STD_5,NaN,5,BHC
A08,HEX,STD_5,37.89437301,5,BHC
A09,HEX,STD_5,NaN,5,BHC
A10,HEX,STD_5,38.97127036,5,BHC
A11,HEX,STD_5,NaN,5,BHC
A12,HEX,STD_5,39.72706737,5,BHC
B01,HEX,STD_5,39.70916845,5,BHC
B02,HEX,STD_5,NaN,5,BHC
B03,HEX,STD_5,NaN,5,BHC
B04,HEX,STD_5,38.89734588,5,BHC
B05,HEX,STD_5,NaN,5,BHC
B06,HEX,STD_5,39.96701323,5,BHC
B07,HEX,STD_5,38.9726496,5,BHC
B08,HEX,STD_5,41.2150393,5,BHC
B09,HEX,STD_5,39.32934886,5,BHC
B10,HEX,STD_5,39.57054244,5,BHC
B11,HEX,STD_5,NaN,5,BHC
B12,HEX,STD_5,39.33251281,5,BHC
C01,HEX,STD_5,40.17318504,5,BHC
C02,HEX,STD_5,NaN,5,BHC
C03,HEX,STD_5,39.67050232,5,BHC
C04,HEX,STD_5,38.09461453,5,BHC
C05,HEX,STD_5,38.41619754,5,BHC
C06,HEX,STD_5,39.43362384,5,BHC
C07,HEX,STD_5,NaN,5,BHC
C08,HEX,STD_5,37.67823618,5,BHC
C09,HEX,STD_5,NaN,5,BHC
C10,HEX,STD_5,NaN,5,BHC
C11,HEX,STD_5,NaN,5,BHC
C12,HEX,STD_5,39.15300183,5,BHC
D01,HEX,STD_5,39.86264803,5,BHC
D02,HEX,STD_5,39.89377088,5,BHC
D03,HEX,STD_5,37.58900128,5,BHC
D04,HEX,STD_5,NaN,5,BHC
D05,HEX,STD_5,37.61924955,5,BHC
D06,HEX,STD_5,39.4459601,5,BHC
D07,HEX,STD_5,38.28751315,5,BHC
D08,HEX,STD_5,NaN,5,BHC
D09,HEX,STD_5,39.18654277,5,BHC
D10,HEX,STD_5,40.73042826,5,BHC
D11,HEX,STD_5,38.53305395,5,BHC
D12,HEX,STD_5,39.09550561,5,BHC
E01,HEX,STD_5,NaN,5,BHC
E02,HEX,STD_5,NaN,5,BHC
E03,HEX,STD_5,38.2130434,5,BHC
E04,HEX,STD_5,NaN,5,BHC
E05,HEX,STD_5,NaN,5,BHC
E06,HEX,STD_5,NaN,5,BHC
E07,HEX,STD_5,40.65206206,5,BHC
E08,HEX,STD_5,39.69984426,5,BHC
E09,HEX,STD_5,NaN,5,BHC
E10,HEX,STD_5,NaN,5,BHC
E11,HEX,STD_5,39.17037841,5,BHC
E12,HEX,STD_5,39.61807271,5,BHC
F01,HEX,STD_5,39.34451271,5,BHC
F02,HEX,STD_5,39.94985157,5,BHC
F03,HEX,STD_5,NaN,5,BHC
F04,HEX,STD_5,NaN,5,BHC
F05,HEX,STD_5,39.17707701,5,BHC
F06,HEX,STD_5,NaN,5,BHC
F07,HEX,STD_5,38.55781976,5,BHC
F08,HEX,STD_5,38.393662,5,BHC
F09,HEX,STD_5,39.35185733,5,BHC
F10,HEX,STD_5,NaN,5,BHC
F11,HEX,STD_5,39.28423131,5,BHC
F12,HEX,STD_5,39.07676868,5,BHC
G01,HEX,STD_5,38.03239969,5,BHC
G02,HEX,STD_5,NaN,5,BHC
G03,HEX,STD_5,37.75955589,5,BHC
G04,HEX,STD_5,39.01456038,5,BHC
G05,HEX,STD_5,NaN,5,BHC
G06,HEX,STD_5,39.10609244,5,BHC
G07,HEX,STD_5,40.16121029,5,BHC
G08,HEX,STD_5,NaN,5,BHC
G09,HEX,STD_5,38.24902595,5,BHC
G10,HEX,STD_5,38.6668224,5,BHC
G11,HEX,STD_5,39.34486275,5,BHC
G12,HEX,STD_5,39.6261672,5,BHC
H01,HEX,STD_5,41.03669004,5,BHC
H02,HEX,STD_5,NaN,5,BHC
H03,HEX,STD_5,NaN,5,BHC
H04,HEX,STD_5,NaN,5,BHC
H05,HEX,STD_5,NaN,5,BHC
H06,HEX,STD_5,38.44839447,5,BHC
H07,HEX,STD_5,NaN,5,BHC
H08,HEX,STD_5,38.48147637,5,BHC
H09,HEX,STD_5,38.51645732,5,BHC
H10,HEX,STD_5,NaN,5,BHC
H11,HEX,STD_5,NaN,5,BHC
H12,HEX,STD_5,38.0189699,5,BHC
A01,FAM,STD_1,NaN,1,SVC
A02,FAM,STD_1,NaN,1,SVC
A03,FAM,STD_1,38.1093013,1,SVC
A04,FAM,STD_1,NaN,1,SVC
A05,FAM,STD_1,NaN,1,SVC
A06,FAM,STD_1,NaN,1,SVC
A07,FAM,STD_1,38.03926834,1,SVC
A08,FAM,STD_1,39.22639687,1,SVC
A09,FAM,STD_1,NaN,1,SVC
A10,FAM,STD_1,NaN,1,SVC
A11,FAM,STD_1,38.24852739,1,SVC
A12,FAM,STD_1,39.35462704,1,SVC
B01,FAM,STD_1,38.83141002,1,SVC
B02,FAM,STD_1,NaN,1,SVC
B03,FAM,STD_1,NaN,1,SVC
B04,FAM,STD_1,NaN,1,SVC
B05,FAM,STD_1,NaN,1,SVC
B06,FAM,STD_1,NaN,1,SVC
B07,FAM,STD_1,NaN,1,SVC
B08,FAM,STD_1,NaN,1,SVC
B09,FAM,STD_1,NaN,1,SVC
B10,FAM,STD_1,NaN,1,SVC
B11,FAM,STD_1,38.59390106,1,SVC
B12,FAM,STD_1,NaN,1,SVC
C01,FAM,STD_1,NaN,1,SVC
C02,FAM,STD_1,NaN,1,SVC
C03,FAM,STD_1,NaN,1,SVC
C04,FAM,STD_1,NaN,1,SVC
C05,FAM,STD_1,NaN,1,SVC
C06,FAM,STD_1,NaN,1,SVC
C07,FAM,STD_1,NaN,1,SVC
C08,FAM,STD_1,NaN,1,SVC
C09,FAM,STD_1,NaN,1,SVC
C10,FAM,STD_1,NaN,1,SVC
C11,FAM,STD_1,NaN,1,SVC
C12,FAM,STD_1,NaN,1,SVC
D01,FAM,STD_1,NaN,1,SVC
D02,FAM,STD_1,39.34879752,1,SVC
D03,FAM,STD_1,39.19044356,1,SVC
D04,FAM,STD_1,37.33791882,1,SVC
D05,FAM,STD_1,40.17917445,1,SVC
D06,FAM,STD_1,38.2622649,1,SVC
D07,FAM,STD_1,NaN,1,SVC
D08,FAM,STD_1,NaN,1,SVC
D09,FAM,STD_1,39.22577639,1,SVC
D10,FAM,STD_1,NaN,1,SVC
D11,FAM,STD_1,NaN,1,SVC
D12,FAM,STD_1,39.1827587,1,SVC
E01,FAM,STD_1,NaN,1,SVC
E02,FAM,STD_1,NaN,1,SVC
E03,FAM,STD_1,NaN,1,SVC
E04,FAM,STD_1,NaN,1,SVC
E05,FAM,STD_1,39.15681023,1,SVC
E06,FAM,STD_1,NaN,1,SVC
E07,FAM,STD_1,NaN,1,SVC
E08,FAM,STD_1,40.41119879,1,SVC
E09,FAM,STD_1,NaN,1,SVC
E10,FAM,STD_1,NaN,1,SVC
E11,FAM,STD_1,39.39922982,1,SVC
E12,FAM,STD_1,NaN,1,SVC
F01,FAM,STD_1,NaN,1,SVC
F02,FAM,STD_1,NaN,1,SVC
F03,FAM,STD_1,NaN,1,SVC
F04,FAM,STD_1,39.91773275,1,SVC
F05,FAM,STD_1,NaN,1,SVC
F06,FAM,STD_1,NaN,1,SVC
F07,FAM,STD_1,NaN,1,SVC
F08,FAM,STD_1,NaN,1,SVC
F09,FAM,STD_1,NaN,1,SVC
F10,FAM,STD_1,40.61224326,1,SVC
F11,FAM,STD_1,NaN,1,SVC
F12,FAM,STD_1,51.39029788,1,SVC
G01,FAM,STD_1,NaN,1,SVC
G02,FAM,STD_1,38.55596448,1,SVC
G03,FAM,STD_1,NaN,1,SVC
G04,FAM,STD_1,NaN,1,SVC
G05,FAM,STD_1,NaN,1,SVC
G06,FAM,STD_1,NaN,1,SVC
G07,FAM,STD_1,NaN,1,SVC
G08,FAM,STD_1,NaN,1,SVC
G09,FAM,STD_1,NaN,1,SVC
G10,FAM,STD_1,40.53099117,1,SVC
G11,FAM,STD_1,NaN,1,SVC
G12,FAM,STD_1,NaN,1,SVC
H01,FAM,STD_1,NaN,1,SVC
H02,FAM,STD_1,NaN,1,SVC
H03,FAM,STD_1,NaN,1,SVC
H04,FAM,STD_1,NaN,1,SVC
H05,FAM,STD_1,NaN,1,SVC
H06,FAM,STD_1,39.39883845,1,SVC
H07,FAM,STD_1,NaN,1,SVC
H08,FAM,STD_1,NaN,1,SVC
H09,FAM,STD_1,39.28453095,1,SVC
H10,FAM,STD_1,39.32663774,1,SVC
H11,FAM,STD_1,NaN,1,SVC
H12,FAM,STD_1,NaN,1,SVC
A01,HEX,STD_1,NaN,1,BHC
A02,HEX,STD_1,NaN,1,BHC
A03,HEX,STD_1,39.12608831,1,BHC
A04,HEX,STD_1,NaN,1,BHC
A05,HEX,STD_1,NaN,1,BHC
A06,HEX,STD_1,NaN,1,BHC
A07,HEX,STD_1,39.063403,1,BHC
A08,HEX,STD_1,40.26267376,1,BHC
A09,HEX,STD_1,NaN,1,BHC
A10,HEX,STD_1,NaN,1,BHC
A11,HEX,STD_1,39.34342049,1,BHC
A12,HEX,STD_1,40.46872926,1,BHC
B01,HEX,STD_1,39.82686538,1,BHC
B02,HEX,STD_1,NaN,1,BHC
B03,HEX,STD_1,NaN,1,BHC
B04,HEX,STD_1,NaN,1,BHC
B05,HEX,STD_1,NaN,1,BHC
B06,HEX,STD_1,NaN,1,BHC
B07,HEX,STD_1,NaN,1,BHC
B08,HEX,STD_1,NaN,1,BHC
B09,HEX,STD_1,NaN,1,BHC
B10,HEX,STD_1,NaN,1,BHC
B11,HEX,STD_1,39.67084744,1,BHC
B12,HEX,STD_1,NaN,1,BHC
C01,HEX,STD_1,NaN,1,BHC
C02,HEX,STD_1,NaN,1,BHC
C03,HEX,STD_1,NaN,1,BHC
C04,HEX,STD_1,NaN,1,BHC
C05,HEX,STD_1,NaN,1,BHC
C06,HEX,STD_1,NaN,1,BHC
C07,HEX,STD_1,NaN,1,BHC
C08,HEX,STD_1,NaN,1,BHC
C09,HEX,STD_1,NaN,1,BHC
C10,HEX,STD_1,NaN,1,BHC
C11,HEX,STD_1,NaN,1,BHC
C12,HEX,STD_1,NaN,1,BHC
D01,HEX,STD_1,NaN,1,BHC
D02,HEX,STD_1,40.34925746,1,BHC
D03,HEX,STD_1,40.22529601,1,BHC
D04,HEX,STD_1,38.35470627,1,BHC
D05,HEX,STD_1,41.2069014,1,BHC
D06,HEX,STD_1,39.77927835,1,BHC
D07,HEX,STD_1,NaN,1,BHC
D08,HEX,STD_1,NaN,1,BHC
D09,HEX,STD_1,40.61530952,1,BHC
D10,HEX,STD_1,NaN,1,BHC
D11,HEX,STD_1,NaN,1,BHC
D12,HEX,STD_1,40.25248668,1,BHC
E01,HEX,STD_1,NaN,1,BHC
E02,HEX,STD_1,NaN,1,BHC
E03,HEX,STD_1,NaN,1,BHC
E04,HEX,STD_1,NaN,1,BHC
E05,HEX,STD_1,40.20842771,1,BHC
E06,HEX,STD_1,NaN,1,BHC
E07,HEX,STD_1,NaN,1,BHC
E08,HEX,STD_1,41.48069958,1,BHC
E09,HEX,STD_1,NaN,1,BHC
E10,HEX,STD_1,NaN,1,BHC
E11,HEX,STD_1,40.43810556,1,BHC
E12,HEX,STD_1,NaN,1,BHC
F01,HEX,STD_1,NaN,1,BHC
F02,HEX,STD_1,NaN,1,BHC
F03,HEX,STD_1,NaN,1,BHC
F04,HEX,STD_1,41.00813055,1,BHC
F05,HEX,STD_1,NaN,1,BHC
F06,HEX,STD_1,NaN,1,BHC
F07,HEX,STD_1,NaN,1,BHC
F08,HEX,STD_1,NaN,1,BHC
F09,HEX,STD_1,NaN,1,BHC
F10,HEX,STD_1,41.65306929,1,BHC
F11,HEX,STD_1,NaN,1,BHC
F12,HEX,STD_1,52.37835981,1,BHC
G01,HEX,STD_1,NaN,1,BHC
G02,HEX,STD_1,39.53921096,1,BHC
G03,HEX,STD_1,NaN,1,BHC
G04,HEX,STD_1,NaN,1,BHC
G05,HEX,STD_1,NaN,1,BHC
G06,HEX,STD_1,NaN,1,BHC
G07,HEX,STD_1,NaN,1,BHC
G08,HEX,STD_1,NaN,1,BHC
G09,HEX,STD_1,NaN,1,BHC
G10,HEX,STD_1,41.53559752,1,BHC
G11,HEX,STD_1,NaN,1,BHC
G12,HEX,STD_1,NaN,1,BHC
H01,HEX,STD_1,NaN,1,BHC
H02,HEX,STD_1,NaN,1,BHC
H03,HEX,STD_1,NaN,1,BHC
H04,HEX,STD_1,NaN,1,BHC
H05,HEX,STD_1,NaN,1,BHC
H06,HEX,STD_1,40.40155782,1,BHC
H07,HEX,STD_1,NaN,1,BHC
H08,HEX,STD_1,NaN,1,BHC
H09,HEX,STD_1,40.29159631,1,BHC
H10,HEX,STD_1,40.36007516,1,BHC
H11,HEX,STD_1,NaN,1,BHC
H12,HEX,STD_1,NaN,1,BHC
